<?xml version="1.0" encoding="UTF-8"?>

<!DOCTYPE hibernate-configuration SYSTEM 
"http://www.hibernate.org/dtd/hibernate-configuration-3.0.dtd">
<hibernate-configuration>
   <session-factory>
   
      <property name = "hibernate.dialect">
         org.hibernate.dialect.MySQLDialect
      </property>
      
      <property name = "hibernate.connection.driver_class">
         com.mysql.jdbc.Driver
      </property>
      
      <!-- Assume test is the database name -->
      
      <property name = "hibernate.connection.url">
         jdbc:mysql://localhost/hibernate
      </property>
      
      <property name = "hibernate.connection.username">
         root
      </property>
      
      <property name = "hibernate.connection.password">
         Welcome123
      </property>
      
      <!-- echo all executed sql to stdout -->
      <property name = "show_sql">true</property>
      
      <!-- Drop and re-create the database schema on startup -->
      <!-- use update to update the existing data instead of writing the create -->
      <property name="hbm2ddl.auto">create</property>
      
      <!-- names of entity annotated class -->
      <mapping class="com.spring.hibernate.pojo.UserDetails"/>
      
   </session-factory>
</hibernate-configuration>